transaction_id,account_number,amount,transaction_type,date,status,bank_name
T20260330_000001,ACC000873,75452.87,credit,2026-03-30,failed,KOTAK
T20260330_000002,ACC000927,62805.15,credit,2026-03-30,failed,KOTAK
T20260330_000003,ACC000868,70094.67,debit,2026-03-30,success,HDFC
T20260330_000004,ACC000597,78800.85,credit,2026-03-30,success,HDFC
T20260330_000005,ACC000232,2442.89,credit,2026-03-30,success,KOTAK
T20260330_000006,ACC000028,4887.35,debit,2026-03-30,success,ICICI
T20260330_000007,ACC000113,78719.6,credit,2026-03-30,failed,HDFC
T20260330_000008,ACC000956,31141.99,credit,2026-03-30,success,SBI
T20260330_000009,ACC000246,96711.64,debit,2026-03-30,success,AXIS
T20260330_000010,ACC000534,50076.16,debit,2026-03-30,success,SBI
T20260330_000011,ACC000709,55004.15,credit,2026-03-30,success,ICICI
T20260330_000012,ACC000023,39832.82,credit,2026-03-30,success,SBI
T20260330_000013,ACC000842,58267.11,credit,2026-03-30,success,AXIS
T20260330_000014,ACC000013,35874.88,debit,2026-03-30,success,AXIS
T20260330_000015,ACC000220,3642.57,debit,2026-03-30,success,AXIS
T20260330_000016,ACC000972,6727.98,debit,2026-03-30,success,KOTAK
T20260330_000017,ACC000616,67964.4,credit,2026-03-30,success,ICICI
T20260330_000018,ACC000454,5439.34,debit,2026-03-30,success,HDFC
T20260330_000019,ACC000232,81627.27,credit,2026-03-30,success,AXIS
T20260330_000020,ACC000470,91994.96,debit,2026-03-30,success,KOTAK
T20260330_000021,ACC000755,4615.77,credit,2026-03-30,failed,SBI
T20260330_000022,ACC000625,3027.83,credit,2026-03-30,success,ICICI
T20260330_000023,ACC000391,39401.23,credit,2026-03-30,success,HDFC
T20260330_000024,ACC000335,12668.06,credit,2026-03-30,success,ICICI
T20260330_000025,ACC000561,46522.59,debit,2026-03-30,success,AXIS
T20260330_000026,ACC000431,77802.19,debit,2026-03-30,success,ICICI
T20260330_000027,ACC000188,3510.9,credit,2026-03-30,success,SBI
T20260330_000028,ACC000470,36128.61,credit,2026-03-30,success,ICICI
T20260330_000029,ACC000751,11060.36,credit,2026-03-30,success,SBI
T20260330_000030,ACC000795,2040.65,credit,2026-03-30,success,SBI
T20260330_000031,ACC000831,82681.7,debit,2026-03-30,success,ICICI
T20260330_000032,ACC000350,57112.83,credit,2026-03-30,success,ICICI
T20260330_000033,ACC000337,46851.03,credit,2026-03-30,failed,AXIS
T20260330_000034,ACC000509,16448.81,credit,2026-03-30,success,HDFC
T20260330_000035,ACC000862,35429.02,credit,2026-03-30,failed,KOTAK
T20260330_000036,ACC000763,20642.83,debit,2026-03-30,success,HDFC
T20260330_000037,ACC000405,4168.66,debit,2026-03-30,success,HDFC
T20260330_000038,ACC000189,44760.15,debit,2026-03-30,failed,KOTAK
T20260330_000039,ACC000925,39484.76,debit,2026-03-30,success,AXIS
T20260330_000040,ACC000322,98860.86,debit,2026-03-30,success,HDFC
T20260330_000041,ACC000498,7273.25,credit,2026-03-30,success,KOTAK
T20260330_000042,ACC000038,71177.17,credit,2026-03-30,success,HDFC
T20260330_000043,ACC000036,85561.34,credit,2026-03-30,success,HDFC
T20260330_000044,ACC000332,34961.72,credit,2026-03-30,success,SBI
T20260330_000045,ACC000517,83449.85,debit,2026-03-30,success,HDFC
T20260330_000046,ACC000416,10326.65,credit,2026-03-30,success,ICICI
T20260330_000047,ACC000280,67758.37,debit,2026-03-30,success,AXIS
T20260330_000048,ACC000529,19893.46,credit,2026-03-30,success,SBI
T20260330_000049,ACC000550,79760.42,debit,2026-03-30,success,AXIS
T20260330_000050,ACC000721,44321.1,credit,2026-03-30,success,ICICI
T20260330_000051,ACC000800,97944.8,credit,2026-03-30,success,HDFC
T20260330_000052,ACC000442,69211.83,credit,2026-03-30,success,AXIS
T20260330_000053,ACC000464,77362.12,credit,2026-03-30,success,HDFC
T20260330_000054,ACC000732,84845.06,credit,2026-03-30,success,ICICI
T20260330_000055,ACC000852,28741.97,credit,2026-03-30,failed,ICICI
T20260330_000056,ACC000920,29870.63,credit,2026-03-30,success,HDFC
T20260330_000057,ACC000265,19407.8,credit,2026-03-30,failed,HDFC
T20260330_000058,ACC000922,69521.75,credit,2026-03-30,failed,SBI
T20260330_000059,ACC000952,13075.38,debit,2026-03-30,success,ICICI
T20260330_000060,ACC000043,13057.41,debit,2026-03-30,failed,AXIS
T20260330_000061,ACC000314,45207.42,debit,2026-03-30,success,HDFC
T20260330_000062,ACC000613,25319.78,credit,2026-03-30,success,ICICI
T20260330_000063,ACC000665,36309.44,credit,2026-03-30,success,AXIS
T20260330_000064,ACC000588,28443.21,credit,2026-03-30,failed,KOTAK
T20260330_000065,ACC000589,71565.96,debit,2026-03-30,success,AXIS
T20260330_000066,ACC000479,29353.88,credit,2026-03-30,failed,AXIS
T20260330_000067,ACC000538,56515.84,debit,2026-03-30,success,HDFC
T20260330_000068,ACC000624,16358.11,credit,2026-03-30,success,ICICI
T20260330_000069,ACC000986,77069.7,credit,2026-03-30,failed,AXIS
T20260330_000070,ACC000734,19016.57,credit,2026-03-30,success,SBI
T20260330_000071,ACC000091,53488.96,credit,2026-03-30,success,SBI
T20260330_000072,ACC000295,98560.92,debit,2026-03-30,success,SBI
T20260330_000073,ACC000762,65763.83,credit,2026-03-30,success,ICICI
T20260330_000074,ACC000881,48971.6,debit,2026-03-30,success,ICICI
T20260330_000075,ACC000518,85274.81,credit,2026-03-30,success,HDFC
T20260330_000076,ACC000817,48767.43,debit,2026-03-30,failed,SBI
T20260330_000077,ACC000796,26190.95,debit,2026-03-30,success,KOTAK
T20260330_000078,ACC000968,4287.22,debit,2026-03-30,success,SBI
T20260330_000079,ACC000090,68785.12,credit,2026-03-30,success,AXIS
T20260330_000080,ACC000371,73980.22,credit,2026-03-30,success,KOTAK
T20260330_000081,ACC000175,2096.52,debit,2026-03-30,success,HDFC
T20260330_000082,ACC000174,16692.2,credit,2026-03-30,failed,AXIS
T20260330_000083,ACC000592,63069.48,credit,2026-03-30,success,KOTAK
T20260330_000084,ACC000336,99930.43,debit,2026-03-30,success,KOTAK
T20260330_000085,ACC000113,90409.38,debit,2026-03-30,failed,HDFC
T20260330_000086,ACC000742,99763.49,debit,2026-03-30,success,KOTAK
T20260330_000087,ACC000888,63613.91,credit,2026-03-30,success,AXIS
T20260330_000088,ACC000989,19344.62,debit,2026-03-30,success,SBI
T20260330_000089,ACC000309,83657.43,credit,2026-03-30,success,ICICI
T20260330_000090,ACC000923,13927.66,debit,2026-03-30,failed,HDFC
T20260330_000091,ACC000671,43901.53,credit,2026-03-30,success,SBI
T20260330_000092,ACC000076,51460.1,credit,2026-03-30,success,AXIS
T20260330_000093,ACC000867,76762.39,debit,2026-03-30,success,SBI
T20260330_000094,ACC000595,16492.85,credit,2026-03-30,success,ICICI
T20260330_000095,ACC000271,93199.75,credit,2026-03-30,success,KOTAK
T20260330_000096,ACC000509,22510.76,credit,2026-03-30,success,SBI
T20260330_000097,ACC000908,56599.78,debit,2026-03-30,success,HDFC
T20260330_000098,ACC000890,94801.42,debit,2026-03-30,success,HDFC
T20260330_000099,ACC000675,26105.59,credit,2026-03-30,failed,ICICI
T20260330_000100,ACC000309,45149.12,credit,2026-03-30,success,KOTAK
T20260330_000101,ACC000804,56422.55,credit,2026-03-30,success,HDFC
T20260330_000102,ACC000437,789.29,credit,2026-03-30,success,AXIS
T20260330_000103,ACC000025,5125.19,credit,2026-03-30,success,ICICI
T20260330_000104,ACC000577,33012.65,debit,2026-03-30,success,ICICI
T20260330_000105,ACC000313,15754.85,credit,2026-03-30,success,ICICI
T20260330_000106,ACC000490,3069.53,debit,2026-03-30,success,HDFC
T20260330_000107,ACC000840,60425.41,debit,2026-03-30,success,HDFC
T20260330_000108,ACC000554,14843.03,credit,2026-03-30,failed,ICICI
T20260330_000109,ACC000859,5697.86,debit,2026-03-30,success,KOTAK
T20260330_000110,ACC000551,96161.71,debit,2026-03-30,failed,SBI
T20260330_000111,ACC000994,73049.46,credit,2026-03-30,failed,AXIS
T20260330_000112,ACC000265,57652.56,credit,2026-03-30,success,SBI
T20260330_000113,ACC000894,76997.06,debit,2026-03-30,failed,ICICI
T20260330_000114,ACC000716,35097.59,credit,2026-03-30,success,SBI
T20260330_000115,ACC000730,44814.65,credit,2026-03-30,failed,HDFC
T20260330_000116,ACC000457,64221.78,debit,2026-03-30,success,SBI
T20260330_000117,ACC000834,39149.12,debit,2026-03-30,failed,HDFC
T20260330_000118,ACC000454,6132.55,debit,2026-03-30,success,ICICI
T20260330_000119,ACC000760,78339.15,credit,2026-03-30,success,ICICI
T20260330_000120,ACC000517,44235.89,credit,2026-03-30,success,SBI
T20260330_000121,ACC000526,59730.54,credit,2026-03-30,success,AXIS
T20260330_000122,ACC000340,9429.24,credit,2026-03-30,success,AXIS
T20260330_000123,ACC000959,50077.99,debit,2026-03-30,failed,HDFC
T20260330_000124,ACC000937,1631.97,debit,2026-03-30,success,HDFC
T20260330_000125,ACC000521,7861.19,debit,2026-03-30,failed,KOTAK
T20260330_000126,ACC000790,47635.21,debit,2026-03-30,success,SBI
T20260330_000127,ACC000275,59571.6,debit,2026-03-30,success,ICICI
T20260330_000128,ACC000330,15226.38,debit,2026-03-30,success,AXIS
T20260330_000129,ACC000499,6334.13,credit,2026-03-30,success,ICICI
T20260330_000130,ACC000974,22006.54,debit,2026-03-30,success,SBI
T20260330_000131,ACC000330,14079.56,debit,2026-03-30,failed,SBI
T20260330_000132,ACC000534,21950.59,debit,2026-03-30,success,SBI
T20260330_000133,ACC000443,15237.62,credit,2026-03-30,success,AXIS
T20260330_000134,ACC000368,72313.06,debit,2026-03-30,success,HDFC
T20260330_000135,ACC000793,15974.07,debit,2026-03-30,success,ICICI
T20260330_000136,ACC000420,76300.85,credit,2026-03-30,success,ICICI
T20260330_000137,ACC000826,30251.17,debit,2026-03-30,success,SBI
T20260330_000138,ACC000152,76980.29,debit,2026-03-30,failed,HDFC
T20260330_000139,ACC000410,16752.38,credit,2026-03-30,success,ICICI
T20260330_000140,ACC000352,99268.67,credit,2026-03-30,success,KOTAK
T20260330_000141,ACC000295,55377.97,credit,2026-03-30,success,KOTAK
T20260330_000142,ACC000795,21422.96,credit,2026-03-30,failed,SBI
T20260330_000143,ACC000538,54819.5,credit,2026-03-30,success,HDFC
T20260330_000144,ACC000658,12011.9,credit,2026-03-30,success,ICICI
T20260330_000145,ACC000968,26009.99,debit,2026-03-30,success,KOTAK
T20260330_000146,ACC000539,95504.1,credit,2026-03-30,failed,HDFC
T20260330_000147,ACC000053,39454.06,debit,2026-03-30,success,HDFC
T20260330_000148,ACC000139,42168.51,debit,2026-03-30,success,ICICI
T20260330_000149,ACC000229,25132.97,credit,2026-03-30,success,ICICI
T20260330_000150,ACC000653,13196.65,credit,2026-03-30,success,KOTAK
T20260330_000151,ACC000097,82151.12,debit,2026-03-30,success,AXIS
T20260330_000152,ACC000173,33070.81,debit,2026-03-30,success,AXIS
T20260330_000153,ACC000375,80220.4,credit,2026-03-30,success,HDFC
T20260330_000154,ACC000036,98157.34,credit,2026-03-30,failed,KOTAK
T20260330_000155,ACC000387,37780.34,debit,2026-03-30,success,KOTAK
T20260330_000156,ACC000347,43763.01,debit,2026-03-30,success,HDFC
T20260330_000157,ACC000894,34039.28,debit,2026-03-30,success,KOTAK
T20260330_000158,ACC000358,42897.41,credit,2026-03-30,success,SBI
T20260330_000159,ACC000090,6544.76,debit,2026-03-30,success,HDFC
T20260330_000160,ACC000355,32566.79,debit,2026-03-30,success,ICICI
T20260330_000161,ACC000228,54117.0,debit,2026-03-30,success,HDFC
T20260330_000162,ACC000089,12193.56,credit,2026-03-30,success,SBI
T20260330_000163,ACC000271,97987.22,debit,2026-03-30,success,HDFC
T20260330_000164,ACC000961,7910.34,credit,2026-03-30,success,ICICI
T20260330_000165,ACC000612,41953.32,credit,2026-03-30,success,HDFC
T20260330_000166,ACC000376,41174.4,debit,2026-03-30,success,HDFC
T20260330_000167,ACC000396,83092.06,credit,2026-03-30,success,SBI
T20260330_000168,ACC000323,58822.74,debit,2026-03-30,success,AXIS
T20260330_000169,ACC000253,24788.78,credit,2026-03-30,success,AXIS
T20260330_000170,ACC000563,85430.92,credit,2026-03-30,failed,AXIS
T20260330_000171,ACC000263,61648.18,debit,2026-03-30,success,ICICI
T20260330_000172,ACC000148,4076.19,credit,2026-03-30,success,SBI
T20260330_000173,ACC000953,5795.33,credit,2026-03-30,failed,HDFC
T20260330_000174,ACC000486,64955.96,credit,2026-03-30,success,ICICI
T20260330_000175,ACC000871,76786.12,credit,2026-03-30,success,SBI
T20260330_000176,ACC000689,11832.47,debit,2026-03-30,success,AXIS
T20260330_000177,ACC000518,48456.56,debit,2026-03-30,failed,ICICI
T20260330_000178,ACC000770,64865.27,debit,2026-03-30,failed,KOTAK
T20260330_000179,ACC000564,79351.52,debit,2026-03-30,success,AXIS
T20260330_000180,ACC000680,82339.95,credit,2026-03-30,success,HDFC
T20260330_000181,ACC000234,11532.36,credit,2026-03-30,success,ICICI
T20260330_000182,ACC000106,46990.28,debit,2026-03-30,success,ICICI
T20260330_000183,ACC000249,64665.12,debit,2026-03-30,failed,AXIS
T20260330_000184,ACC000053,89361.11,debit,2026-03-30,success,HDFC
T20260330_000185,ACC000461,99681.15,debit,2026-03-30,success,ICICI
T20260330_000186,ACC000035,81023.2,credit,2026-03-30,success,SBI
T20260330_000187,ACC000745,65561.92,credit,2026-03-30,success,AXIS
T20260330_000188,ACC000149,78827.43,credit,2026-03-30,success,KOTAK
T20260330_000189,ACC000170,57158.55,debit,2026-03-30,success,AXIS
T20260330_000190,ACC000616,79596.59,debit,2026-03-30,failed,SBI
T20260330_000191,ACC000140,99499.5,debit,2026-03-30,success,AXIS
T20260330_000192,ACC000004,76109.71,credit,2026-03-30,success,HDFC
T20260330_000193,ACC000006,31329.23,debit,2026-03-30,success,AXIS
T20260330_000194,ACC000116,2712.71,credit,2026-03-30,success,SBI
T20260330_000195,ACC000816,68084.12,credit,2026-03-30,failed,ICICI
T20260330_000196,ACC000852,93240.39,credit,2026-03-30,failed,SBI
T20260330_000197,ACC000674,54133.12,credit,2026-03-30,success,HDFC
T20260330_000198,ACC000757,49929.18,debit,2026-03-30,success,AXIS
T20260330_000199,ACC000086,15461.07,debit,2026-03-30,success,AXIS
T20260330_000200,ACC000491,1508.07,debit,2026-03-30,failed,SBI
T20260330_000201,ACC000908,91345.2,credit,2026-03-30,success,SBI
T20260330_000202,ACC000699,76753.67,credit,2026-03-30,failed,AXIS
T20260330_000203,ACC000892,93961.59,credit,2026-03-30,success,HDFC
T20260330_000204,ACC000447,82817.33,debit,2026-03-30,success,HDFC
T20260330_000205,ACC000169,5884.94,credit,2026-03-30,failed,ICICI
T20260330_000206,ACC000897,93033.5,debit,2026-03-30,success,AXIS
T20260330_000207,ACC000290,14225.72,credit,2026-03-30,success,AXIS
T20260330_000208,ACC000815,51921.63,credit,2026-03-30,success,AXIS
T20260330_000209,ACC000496,75916.98,debit,2026-03-30,failed,HDFC
T20260330_000210,ACC000468,84268.98,credit,2026-03-30,success,ICICI
T20260330_000211,ACC000195,72812.49,debit,2026-03-30,failed,SBI
T20260330_000212,ACC000775,92456.62,debit,2026-03-30,success,SBI
T20260330_000213,ACC000868,48526.4,credit,2026-03-30,success,SBI
T20260330_000214,ACC000467,17753.8,credit,2026-03-30,success,ICICI
T20260330_000215,ACC000549,14344.62,debit,2026-03-30,success,KOTAK
T20260330_000216,ACC000009,46251.89,debit,2026-03-30,success,SBI
T20260330_000217,ACC000840,64264.36,debit,2026-03-30,success,ICICI
T20260330_000218,ACC000594,83532.1,credit,2026-03-30,success,HDFC
T20260330_000219,ACC000690,96269.66,debit,2026-03-30,success,AXIS
T20260330_000220,ACC000592,69430.72,credit,2026-03-30,success,SBI
T20260330_000221,ACC000139,23265.95,debit,2026-03-30,success,ICICI
T20260330_000222,ACC000286,15061.34,credit,2026-03-30,success,AXIS
T20260330_000223,ACC000861,89137.8,debit,2026-03-30,failed,HDFC
T20260330_000224,ACC000989,35237.94,credit,2026-03-30,success,HDFC
T20260330_000225,ACC000609,89468.5,credit,2026-03-30,success,HDFC
T20260330_000226,ACC000755,68685.89,credit,2026-03-30,success,AXIS
T20260330_000227,ACC000456,7734.82,credit,2026-03-30,success,AXIS
T20260330_000228,ACC000270,4321.82,credit,2026-03-30,success,SBI
T20260330_000229,ACC000582,27153.44,credit,2026-03-30,success,ICICI
T20260330_000230,ACC000637,67804.45,credit,2026-03-30,success,ICICI
T20260330_000231,ACC000817,57067.87,credit,2026-03-30,success,HDFC
T20260330_000232,ACC000378,55069.33,debit,2026-03-30,success,KOTAK
T20260330_000233,ACC000548,83677.93,debit,2026-03-30,success,AXIS
T20260330_000234,ACC000389,39859.66,credit,2026-03-30,success,HDFC
T20260330_000235,ACC000951,6314.64,debit,2026-03-30,success,ICICI
T20260330_000236,ACC000205,79685.79,debit,2026-03-30,success,AXIS
T20260330_000237,ACC000197,96533.56,debit,2026-03-30,success,KOTAK
T20260330_000238,ACC000330,23555.68,debit,2026-03-30,success,AXIS
T20260330_000239,ACC000756,42768.56,debit,2026-03-30,failed,KOTAK
T20260330_000240,ACC000908,38293.06,credit,2026-03-30,failed,ICICI
T20260330_000241,ACC000410,91017.41,credit,2026-03-30,success,HDFC
T20260330_000242,ACC000004,79535.97,credit,2026-03-30,success,ICICI
T20260330_000243,ACC000539,62175.45,debit,2026-03-30,success,HDFC
T20260330_000244,ACC000263,38101.03,debit,2026-03-30,success,SBI
T20260330_000245,ACC000672,23953.72,debit,2026-03-30,success,KOTAK
T20260330_000246,ACC000533,7031.77,credit,2026-03-30,success,SBI
T20260330_000247,ACC000606,75149.72,credit,2026-03-30,success,HDFC
T20260330_000248,ACC000568,8390.44,debit,2026-03-30,success,SBI
T20260330_000249,ACC000681,76643.97,debit,2026-03-30,success,HDFC
T20260330_000250,ACC000504,30070.23,credit,2026-03-30,success,ICICI
T20260330_000251,ACC000383,10579.79,credit,2026-03-30,success,KOTAK
T20260330_000252,ACC000808,99314.55,debit,2026-03-30,failed,AXIS
T20260330_000253,ACC000907,23954.53,debit,2026-03-30,failed,AXIS
T20260330_000254,ACC000879,98655.47,debit,2026-03-30,failed,AXIS
T20260330_000255,ACC000549,70591.72,credit,2026-03-30,success,AXIS
T20260330_000256,ACC000121,16839.08,debit,2026-03-30,failed,HDFC
T20260330_000257,ACC000129,32934.01,debit,2026-03-30,success,AXIS
T20260330_000258,ACC000858,6314.45,credit,2026-03-30,success,HDFC
T20260330_000259,ACC000606,12309.16,debit,2026-03-30,failed,AXIS
T20260330_000260,ACC000176,45830.03,credit,2026-03-30,failed,ICICI
T20260330_000261,ACC000221,68995.64,debit,2026-03-30,failed,AXIS
T20260330_000262,ACC000170,78887.78,credit,2026-03-30,success,HDFC
T20260330_000263,ACC000781,16532.51,debit,2026-03-30,success,HDFC
T20260330_000264,ACC000477,1967.07,credit,2026-03-30,success,HDFC
T20260330_000265,ACC000722,32640.87,credit,2026-03-30,failed,ICICI
T20260330_000266,ACC000859,39128.76,debit,2026-03-30,success,SBI
T20260330_000267,ACC000589,43171.78,debit,2026-03-30,success,HDFC
T20260330_000268,ACC000922,30748.61,credit,2026-03-30,success,ICICI
T20260330_000269,ACC000330,55265.67,debit,2026-03-30,success,SBI
T20260330_000270,ACC000980,60513.13,credit,2026-03-30,success,HDFC
T20260330_000271,ACC000832,62772.38,debit,2026-03-30,success,ICICI
T20260330_000272,ACC000798,48679.86,debit,2026-03-30,failed,ICICI
T20260330_000273,ACC000982,24578.24,debit,2026-03-30,failed,AXIS
T20260330_000274,ACC000120,76959.18,credit,2026-03-30,success,AXIS
T20260330_000275,ACC000395,73951.83,debit,2026-03-30,success,AXIS
T20260330_000276,ACC000202,26539.83,debit,2026-03-30,success,KOTAK
T20260330_000277,ACC000161,5874.09,credit,2026-03-30,failed,ICICI
T20260330_000278,ACC000284,86969.11,debit,2026-03-30,failed,AXIS
T20260330_000279,ACC000808,18793.25,debit,2026-03-30,success,SBI
T20260330_000280,ACC000654,38129.86,credit,2026-03-30,failed,SBI
T20260330_000281,ACC000553,92903.41,debit,2026-03-30,success,HDFC
T20260330_000282,ACC000314,48387.5,debit,2026-03-30,success,SBI
T20260330_000283,ACC000830,24286.98,debit,2026-03-30,success,HDFC
T20260330_000284,ACC000365,29678.69,debit,2026-03-30,success,KOTAK
T20260330_000285,ACC000319,4326.27,debit,2026-03-30,success,KOTAK
T20260330_000286,ACC000212,62800.71,credit,2026-03-30,success,SBI
T20260330_000287,ACC000812,73651.22,debit,2026-03-30,failed,HDFC
T20260330_000288,ACC000689,51078.05,credit,2026-03-30,success,KOTAK
T20260330_000289,ACC000717,92817.78,credit,2026-03-30,success,HDFC
T20260330_000290,ACC000196,84478.66,debit,2026-03-30,success,SBI
T20260330_000291,ACC000894,44984.89,debit,2026-03-30,failed,SBI
T20260330_000292,ACC000396,7562.21,credit,2026-03-30,success,KOTAK
T20260330_000293,ACC000699,41471.79,credit,2026-03-30,success,KOTAK
T20260330_000294,ACC000783,86031.56,credit,2026-03-30,failed,ICICI
T20260330_000295,ACC000562,80479.22,debit,2026-03-30,success,KOTAK
T20260330_000296,ACC000954,21946.94,credit,2026-03-30,success,KOTAK
T20260330_000297,ACC000915,60283.04,credit,2026-03-30,success,ICICI
T20260330_000298,ACC000348,63638.55,debit,2026-03-30,success,ICICI
T20260330_000299,ACC000153,97014.96,debit,2026-03-30,success,SBI
T20260330_000300,ACC000614,92174.32,debit,2026-03-30,success,HDFC
T20260330_000301,ACC000156,56284.56,debit,2026-03-30,success,HDFC
T20260330_000302,ACC000624,35691.33,debit,2026-03-30,failed,SBI
T20260330_000303,ACC000891,1314.59,debit,2026-03-30,failed,AXIS
T20260330_000304,ACC000638,68117.97,credit,2026-03-30,success,ICICI
T20260330_000305,ACC000989,98272.93,debit,2026-03-30,failed,SBI
T20260330_000306,ACC000484,41331.04,credit,2026-03-30,success,HDFC
T20260330_000307,ACC000926,83599.39,credit,2026-03-30,failed,AXIS
T20260330_000308,ACC000262,55981.6,debit,2026-03-30,success,KOTAK
T20260330_000309,ACC000082,56466.06,debit,2026-03-30,failed,HDFC
T20260330_000310,ACC000068,52876.21,debit,2026-03-30,success,ICICI
T20260330_000311,ACC000291,89399.68,debit,2026-03-30,failed,KOTAK
T20260330_000312,ACC000486,12088.55,debit,2026-03-30,success,ICICI
T20260330_000313,ACC000500,14271.98,debit,2026-03-30,failed,HDFC
T20260330_000314,ACC000270,50428.07,credit,2026-03-30,success,AXIS
T20260330_000315,ACC000858,36903.73,debit,2026-03-30,success,SBI
T20260330_000316,ACC000916,48134.47,credit,2026-03-30,success,HDFC
T20260330_000317,ACC000676,24929.18,debit,2026-03-30,failed,HDFC
T20260330_000318,ACC000528,8174.48,credit,2026-03-30,success,HDFC
T20260330_000319,ACC000701,8740.2,credit,2026-03-30,success,SBI
T20260330_000320,ACC000736,48452.89,credit,2026-03-30,success,SBI
T20260330_000321,ACC000926,36891.28,debit,2026-03-30,failed,KOTAK
T20260330_000322,ACC000579,69910.79,credit,2026-03-30,failed,KOTAK
T20260330_000323,ACC000608,44457.68,debit,2026-03-30,success,SBI
T20260330_000324,ACC000924,41797.8,credit,2026-03-30,failed,KOTAK
T20260330_000325,ACC000714,68524.6,credit,2026-03-30,success,SBI
T20260330_000326,ACC000500,89052.3,debit,2026-03-30,success,SBI
T20260330_000327,ACC000007,98645.41,credit,2026-03-30,failed,KOTAK
T20260330_000328,ACC000846,41781.63,credit,2026-03-30,success,ICICI
T20260330_000329,ACC000890,52331.57,credit,2026-03-30,failed,SBI
T20260330_000330,ACC000265,62642.31,debit,2026-03-30,success,ICICI
T20260330_000331,ACC000741,92994.84,credit,2026-03-30,success,AXIS
T20260330_000332,ACC000053,84336.7,credit,2026-03-30,success,AXIS
T20260330_000333,ACC000899,20504.97,debit,2026-03-30,failed,ICICI
T20260330_000334,ACC000039,68068.46,credit,2026-03-30,success,ICICI
T20260330_000335,ACC000823,78263.76,credit,2026-03-30,success,SBI
T20260330_000336,ACC000849,61790.86,debit,2026-03-30,success,KOTAK
T20260330_000337,ACC000516,77992.54,credit,2026-03-30,success,KOTAK
T20260330_000338,ACC000779,18709.38,credit,2026-03-30,success,HDFC
T20260330_000339,ACC000459,37035.61,credit,2026-03-30,success,SBI
T20260330_000340,ACC000384,44017.62,debit,2026-03-30,success,HDFC
T20260330_000341,ACC000769,19100.24,credit,2026-03-30,success,SBI
T20260330_000342,ACC000778,70271.02,debit,2026-03-30,failed,ICICI
T20260330_000343,ACC000116,99761.37,credit,2026-03-30,success,KOTAK
T20260330_000344,ACC000782,14013.23,credit,2026-03-30,success,SBI
T20260330_000345,ACC000027,7082.2,credit,2026-03-30,success,ICICI
T20260330_000346,ACC000242,38328.95,debit,2026-03-30,success,AXIS
T20260330_000347,ACC000237,224.36,debit,2026-03-30,failed,AXIS
T20260330_000348,ACC000662,72109.69,credit,2026-03-30,success,ICICI
T20260330_000349,ACC000565,99186.97,debit,2026-03-30,failed,SBI
T20260330_000350,ACC000372,86636.38,debit,2026-03-30,success,ICICI
T20260330_000351,ACC000136,16847.83,debit,2026-03-30,success,HDFC
T20260330_000352,ACC000874,31570.92,debit,2026-03-30,success,HDFC
T20260330_000353,ACC000980,85315.02,credit,2026-03-30,success,SBI
T20260330_000354,ACC000587,29801.55,debit,2026-03-30,success,SBI
T20260330_000355,ACC000330,21066.29,debit,2026-03-30,failed,HDFC
T20260330_000356,ACC000069,4917.21,debit,2026-03-30,success,KOTAK
T20260330_000357,ACC000860,63469.49,credit,2026-03-30,success,SBI
T20260330_000358,ACC000930,60572.93,debit,2026-03-30,failed,KOTAK
T20260330_000359,ACC000896,97839.63,debit,2026-03-30,success,KOTAK
T20260330_000360,ACC000210,35451.72,debit,2026-03-30,success,KOTAK
T20260330_000361,ACC000574,30148.98,credit,2026-03-30,success,HDFC
T20260330_000362,ACC000172,52067.83,debit,2026-03-30,success,AXIS
T20260330_000363,ACC000059,67842.81,credit,2026-03-30,success,KOTAK
T20260330_000364,ACC000951,31788.48,debit,2026-03-30,success,KOTAK
T20260330_000365,ACC000040,88330.77,debit,2026-03-30,success,HDFC
T20260330_000366,ACC000297,81352.82,debit,2026-03-30,success,SBI
T20260330_000367,ACC000807,13679.37,credit,2026-03-30,failed,KOTAK
T20260330_000368,ACC000491,5563.46,credit,2026-03-30,success,HDFC
T20260330_000369,ACC000311,93103.5,debit,2026-03-30,failed,KOTAK
T20260330_000370,ACC000789,75568.38,debit,2026-03-30,failed,ICICI
T20260330_000371,ACC000648,52234.02,debit,2026-03-30,failed,ICICI
T20260330_000372,ACC000921,16463.59,credit,2026-03-30,success,SBI
T20260330_000373,ACC000855,98305.89,credit,2026-03-30,failed,HDFC
T20260330_000374,ACC000078,73794.44,debit,2026-03-30,success,AXIS
T20260330_000375,ACC000236,62647.1,credit,2026-03-30,success,SBI
T20260330_000376,ACC000038,61790.98,debit,2026-03-30,success,HDFC
T20260330_000377,ACC000317,4308.39,credit,2026-03-30,failed,SBI
T20260330_000378,ACC000534,81633.01,credit,2026-03-30,success,AXIS
T20260330_000379,ACC000558,71853.59,credit,2026-03-30,failed,ICICI
T20260330_000380,ACC000832,44876.05,credit,2026-03-30,success,ICICI
T20260330_000381,ACC000854,56174.45,debit,2026-03-30,failed,KOTAK
T20260330_000382,ACC000321,57805.92,debit,2026-03-30,success,KOTAK
T20260330_000383,ACC000015,94789.89,credit,2026-03-30,failed,ICICI
T20260330_000384,ACC000104,68418.6,debit,2026-03-30,success,SBI
T20260330_000385,ACC000713,1196.82,debit,2026-03-30,success,HDFC
T20260330_000386,ACC000407,88965.73,credit,2026-03-30,failed,KOTAK
T20260330_000387,ACC000792,2335.47,credit,2026-03-30,failed,KOTAK
T20260330_000388,ACC000206,76531.14,credit,2026-03-30,success,KOTAK
T20260330_000389,ACC000161,41352.51,credit,2026-03-30,failed,AXIS
T20260330_000390,ACC000355,5366.16,debit,2026-03-30,success,SBI
T20260330_000391,ACC000127,77643.57,credit,2026-03-30,failed,SBI
T20260330_000392,ACC000701,23909.1,credit,2026-03-30,success,SBI
T20260330_000393,ACC000975,57080.24,debit,2026-03-30,success,HDFC
T20260330_000394,ACC000456,63121.57,credit,2026-03-30,failed,HDFC
T20260330_000395,ACC000742,89344.83,credit,2026-03-30,success,HDFC
T20260330_000396,ACC000536,83718.5,debit,2026-03-30,success,AXIS
T20260330_000397,ACC000643,7096.36,debit,2026-03-30,success,AXIS
T20260330_000398,ACC000608,52524.41,credit,2026-03-30,success,SBI
T20260330_000399,ACC000617,77946.45,credit,2026-03-30,success,KOTAK
T20260330_000400,ACC000698,61578.85,credit,2026-03-30,success,ICICI
T20260330_000401,ACC000653,83500.86,debit,2026-03-30,failed,HDFC
T20260330_000402,ACC000221,23180.33,debit,2026-03-30,success,SBI
T20260330_000403,ACC000700,26706.92,credit,2026-03-30,success,SBI
T20260330_000404,ACC000872,45819.94,debit,2026-03-30,success,AXIS
T20260330_000405,ACC000486,62312.69,credit,2026-03-30,success,AXIS
T20260330_000406,ACC000938,76025.4,credit,2026-03-30,success,AXIS
T20260330_000407,ACC000460,93881.93,credit,2026-03-30,failed,KOTAK
T20260330_000408,ACC000331,49747.54,credit,2026-03-30,success,ICICI
T20260330_000409,ACC000403,80633.07,debit,2026-03-30,success,AXIS
T20260330_000410,ACC000802,27802.87,debit,2026-03-30,failed,KOTAK
T20260330_000411,ACC000818,32641.86,debit,2026-03-30,success,ICICI
T20260330_000412,ACC000160,6614.71,credit,2026-03-30,success,KOTAK
T20260330_000413,ACC000989,23791.7,credit,2026-03-30,success,HDFC
T20260330_000414,ACC000971,96310.0,debit,2026-03-30,success,SBI
T20260330_000415,ACC000220,11503.47,debit,2026-03-30,success,HDFC
T20260330_000416,ACC000149,94008.69,credit,2026-03-30,success,SBI
T20260330_000417,ACC000754,22395.11,debit,2026-03-30,success,SBI
T20260330_000418,ACC000540,96757.92,credit,2026-03-30,failed,AXIS
T20260330_000419,ACC000009,49170.8,debit,2026-03-30,success,SBI
T20260330_000420,ACC000496,33081.59,credit,2026-03-30,success,SBI
T20260330_000421,ACC000568,63210.53,credit,2026-03-30,success,KOTAK
T20260330_000422,ACC000876,36853.05,debit,2026-03-30,success,AXIS
T20260330_000423,ACC000224,22772.01,debit,2026-03-30,success,KOTAK
T20260330_000424,ACC000642,19323.87,credit,2026-03-30,success,HDFC
T20260330_000425,ACC000361,66096.51,debit,2026-03-30,failed,AXIS
T20260330_000426,ACC000439,33384.57,debit,2026-03-30,success,ICICI
T20260330_000427,ACC000940,37246.31,credit,2026-03-30,success,AXIS
T20260330_000428,ACC000718,82148.65,debit,2026-03-30,success,SBI
T20260330_000429,ACC000900,84555.96,debit,2026-03-30,success,HDFC
T20260330_000430,ACC000044,50397.13,debit,2026-03-30,success,KOTAK
T20260330_000431,ACC000431,55098.05,credit,2026-03-30,failed,AXIS
T20260330_000432,ACC000445,68533.47,credit,2026-03-30,success,ICICI
T20260330_000433,ACC000742,56559.84,credit,2026-03-30,success,KOTAK
T20260330_000434,ACC000616,46429.66,debit,2026-03-30,success,KOTAK
T20260330_000435,ACC000647,36556.89,debit,2026-03-30,success,ICICI
T20260330_000436,ACC000223,75507.18,credit,2026-03-30,success,AXIS
T20260330_000437,ACC000150,61111.9,debit,2026-03-30,failed,HDFC
T20260330_000438,ACC000163,2578.45,debit,2026-03-30,success,SBI
T20260330_000439,ACC000940,20739.87,credit,2026-03-30,failed,HDFC
T20260330_000440,ACC000639,59060.57,credit,2026-03-30,success,SBI
T20260330_000441,ACC000714,15791.58,debit,2026-03-30,success,ICICI
T20260330_000442,ACC000395,44739.57,debit,2026-03-30,success,ICICI
T20260330_000443,ACC000917,37809.66,debit,2026-03-30,success,HDFC
T20260330_000444,ACC000289,21811.66,credit,2026-03-30,success,HDFC
T20260330_000445,ACC000812,38677.61,debit,2026-03-30,success,KOTAK
T20260330_000446,ACC000925,53880.65,credit,2026-03-30,success,SBI
T20260330_000447,ACC000758,88491.27,debit,2026-03-30,failed,KOTAK
T20260330_000448,ACC000408,89266.18,debit,2026-03-30,success,HDFC
T20260330_000449,ACC000245,55576.07,credit,2026-03-30,success,SBI
T20260330_000450,ACC000065,73327.27,credit,2026-03-30,failed,ICICI
T20260330_000451,ACC000571,46907.64,debit,2026-03-30,success,AXIS
T20260330_000452,ACC000953,80164.57,debit,2026-03-30,success,AXIS
T20260330_000453,ACC000974,19516.95,credit,2026-03-30,success,ICICI
T20260330_000454,ACC000568,33070.57,credit,2026-03-30,success,KOTAK
T20260330_000455,ACC000488,73998.95,credit,2026-03-30,success,SBI
T20260330_000456,ACC000648,93182.5,credit,2026-03-30,success,KOTAK
T20260330_000457,ACC000108,82274.4,credit,2026-03-30,failed,ICICI
T20260330_000458,ACC000027,54104.82,credit,2026-03-30,success,HDFC
T20260330_000459,ACC000832,11970.88,debit,2026-03-30,success,ICICI
T20260330_000460,ACC000489,17471.87,credit,2026-03-30,success,HDFC
T20260330_000461,ACC000772,89124.22,credit,2026-03-30,failed,AXIS
T20260330_000462,ACC000386,61478.19,debit,2026-03-30,success,SBI
T20260330_000463,ACC000611,43918.39,credit,2026-03-30,success,ICICI
T20260330_000464,ACC000839,54636.85,credit,2026-03-30,success,ICICI
T20260330_000465,ACC000687,11164.26,credit,2026-03-30,success,ICICI
T20260330_000466,ACC000370,85764.26,credit,2026-03-30,failed,ICICI
T20260330_000467,ACC000015,37270.84,credit,2026-03-30,failed,ICICI
T20260330_000468,ACC000988,7287.61,credit,2026-03-30,success,AXIS
T20260330_000469,ACC000848,17038.72,debit,2026-03-30,success,ICICI
T20260330_000470,ACC000201,67352.48,credit,2026-03-30,success,ICICI
T20260330_000471,ACC000261,82391.12,credit,2026-03-30,success,HDFC
T20260330_000472,ACC000062,58538.43,debit,2026-03-30,success,KOTAK
T20260330_000473,ACC000929,7872.45,credit,2026-03-30,success,HDFC
T20260330_000474,ACC000358,41453.42,debit,2026-03-30,success,ICICI
T20260330_000475,ACC000427,75005.83,credit,2026-03-30,success,HDFC
T20260330_000476,ACC000144,57241.31,debit,2026-03-30,success,AXIS
T20260330_000477,ACC000666,79610.88,credit,2026-03-30,success,SBI
T20260330_000478,ACC000690,82066.63,credit,2026-03-30,success,SBI
T20260330_000479,ACC000711,8678.26,credit,2026-03-30,success,AXIS
T20260330_000480,ACC000228,74127.39,credit,2026-03-30,failed,HDFC
T20260330_000481,ACC000620,6807.5,credit,2026-03-30,success,HDFC
T20260330_000482,ACC000797,73555.33,credit,2026-03-30,success,ICICI
T20260330_000483,ACC000051,28978.77,credit,2026-03-30,success,AXIS
T20260330_000484,ACC000910,35963.77,debit,2026-03-30,success,AXIS
T20260330_000485,ACC000059,13364.78,debit,2026-03-30,success,AXIS
T20260330_000486,ACC000675,82713.12,debit,2026-03-30,success,KOTAK
T20260330_000487,ACC000393,22661.21,debit,2026-03-30,success,ICICI
T20260330_000488,ACC000081,43798.51,debit,2026-03-30,success,AXIS
T20260330_000489,ACC000562,90533.12,debit,2026-03-30,success,AXIS
T20260330_000490,ACC000415,7835.31,debit,2026-03-30,success,KOTAK
T20260330_000491,ACC000747,2460.22,debit,2026-03-30,success,KOTAK
T20260330_000492,ACC000669,58504.17,credit,2026-03-30,failed,AXIS
T20260330_000493,ACC000970,45564.6,debit,2026-03-30,success,ICICI
T20260330_000494,ACC000686,15129.25,credit,2026-03-30,success,SBI
T20260330_000495,ACC000480,8854.75,credit,2026-03-30,success,ICICI
T20260330_000496,ACC000625,27062.98,credit,2026-03-30,success,ICICI
T20260330_000497,ACC000234,17501.45,debit,2026-03-30,success,AXIS
T20260330_000498,ACC000649,39507.14,debit,2026-03-30,success,ICICI
T20260330_000499,ACC000017,6286.54,credit,2026-03-30,success,SBI
T20260330_000500,ACC000372,32781.64,debit,2026-03-30,failed,ICICI
T20260330_000501,ACC000848,92488.44,debit,2026-03-30,failed,SBI
T20260330_000502,ACC000744,98789.71,credit,2026-03-30,failed,HDFC
T20260330_000503,ACC000545,22968.76,credit,2026-03-30,success,ICICI
T20260330_000504,ACC000158,88190.09,credit,2026-03-30,success,ICICI
T20260330_000505,ACC000389,60990.55,credit,2026-03-30,failed,KOTAK
T20260330_000506,ACC000446,94011.01,debit,2026-03-30,success,HDFC
T20260330_000507,ACC000722,77827.55,debit,2026-03-30,success,KOTAK
T20260330_000508,ACC000376,10595.8,debit,2026-03-30,success,ICICI
T20260330_000509,ACC000987,55264.74,credit,2026-03-30,success,AXIS
T20260330_000510,ACC000619,61543.07,credit,2026-03-30,success,KOTAK
T20260330_000511,ACC000348,762.06,credit,2026-03-30,success,ICICI
T20260330_000512,ACC000159,42168.46,debit,2026-03-30,success,KOTAK
T20260330_000513,ACC000975,17811.9,debit,2026-03-30,success,HDFC
T20260330_000514,ACC000044,52176.12,debit,2026-03-30,success,SBI
T20260330_000515,ACC000661,21417.36,credit,2026-03-30,success,HDFC
T20260330_000516,ACC000386,80054.26,debit,2026-03-30,success,SBI
T20260330_000517,ACC000882,66254.69,credit,2026-03-30,success,SBI
T20260330_000518,ACC000263,50215.39,credit,2026-03-30,failed,KOTAK
T20260330_000519,ACC000687,13527.8,credit,2026-03-30,success,SBI
T20260330_000520,ACC000448,67510.63,credit,2026-03-30,success,AXIS
T20260330_000521,ACC000358,17117.08,debit,2026-03-30,success,ICICI
T20260330_000522,ACC000034,56231.41,debit,2026-03-30,success,KOTAK
T20260330_000523,ACC000580,93429.32,credit,2026-03-30,failed,SBI
T20260330_000524,ACC000154,20782.68,debit,2026-03-30,success,HDFC
T20260330_000525,ACC000452,82283.84,debit,2026-03-30,failed,AXIS
T20260330_000526,ACC000255,85079.76,debit,2026-03-30,success,SBI
T20260330_000527,ACC000881,21281.19,credit,2026-03-30,success,ICICI
T20260330_000528,ACC000942,1491.96,debit,2026-03-30,success,KOTAK
T20260330_000529,ACC000782,27270.89,credit,2026-03-30,failed,ICICI
T20260330_000530,ACC000905,2430.03,credit,2026-03-30,success,ICICI
T20260330_000531,ACC000649,11937.24,debit,2026-03-30,failed,KOTAK
T20260330_000532,ACC000294,35223.53,credit,2026-03-30,failed,KOTAK
T20260330_000533,ACC000683,54550.22,credit,2026-03-30,success,SBI
T20260330_000534,ACC000921,41193.75,credit,2026-03-30,success,SBI
T20260330_000535,ACC000800,89556.38,debit,2026-03-30,failed,HDFC
T20260330_000536,ACC000524,94936.7,credit,2026-03-30,success,SBI
T20260330_000537,ACC000482,71744.57,debit,2026-03-30,failed,ICICI
T20260330_000538,ACC000211,93159.51,credit,2026-03-30,success,KOTAK
T20260330_000539,ACC000930,41693.04,debit,2026-03-30,success,HDFC
T20260330_000540,ACC000326,48674.31,credit,2026-03-30,success,SBI
T20260330_000541,ACC000208,82461.26,debit,2026-03-30,failed,KOTAK
T20260330_000542,ACC000394,37968.57,debit,2026-03-30,failed,ICICI
T20260330_000543,ACC000379,15863.99,debit,2026-03-30,success,AXIS
T20260330_000544,ACC000381,72811.01,credit,2026-03-30,success,AXIS
T20260330_000545,ACC000990,11938.57,credit,2026-03-30,success,ICICI
T20260330_000546,ACC000282,5370.42,credit,2026-03-30,failed,AXIS
T20260330_000547,ACC000688,54022.95,debit,2026-03-30,failed,KOTAK
T20260330_000548,ACC000732,61441.43,debit,2026-03-30,success,SBI
T20260330_000549,ACC000433,93941.03,credit,2026-03-30,success,ICICI
T20260330_000550,ACC000219,92535.67,credit,2026-03-30,success,HDFC
T20260330_000551,ACC000222,31660.3,credit,2026-03-30,success,KOTAK
T20260330_000552,ACC000329,83290.37,credit,2026-03-30,success,SBI
T20260330_000553,ACC000187,27419.06,credit,2026-03-30,success,ICICI
T20260330_000554,ACC000579,49190.67,debit,2026-03-30,success,ICICI
T20260330_000555,ACC000815,22243.34,credit,2026-03-30,success,KOTAK
T20260330_000556,ACC000343,90837.34,credit,2026-03-30,success,SBI
T20260330_000557,ACC000284,54577.79,credit,2026-03-30,success,ICICI
T20260330_000558,ACC000072,47513.3,debit,2026-03-30,success,HDFC
T20260330_000559,ACC000588,46491.12,debit,2026-03-30,success,KOTAK
T20260330_000560,ACC000864,10105.86,debit,2026-03-30,failed,ICICI
T20260330_000561,ACC000048,40112.61,debit,2026-03-30,success,HDFC
T20260330_000562,ACC000534,40529.74,credit,2026-03-30,success,AXIS
T20260330_000563,ACC000581,56132.66,debit,2026-03-30,success,HDFC
T20260330_000564,ACC000080,59414.33,credit,2026-03-30,failed,SBI
T20260330_000565,ACC000958,66954.57,credit,2026-03-30,success,ICICI
T20260330_000566,ACC000237,58048.85,credit,2026-03-30,failed,AXIS
T20260330_000567,ACC000531,83827.19,credit,2026-03-30,success,HDFC
T20260330_000568,ACC000724,2646.81,credit,2026-03-30,success,SBI
T20260330_000569,ACC000549,26101.81,debit,2026-03-30,success,ICICI
T20260330_000570,ACC000996,2147.28,debit,2026-03-30,success,AXIS
T20260330_000571,ACC000711,18860.93,credit,2026-03-30,success,KOTAK
T20260330_000572,ACC000996,18191.45,credit,2026-03-30,success,ICICI
T20260330_000573,ACC000838,9043.48,credit,2026-03-30,failed,SBI
T20260330_000574,ACC000552,90646.87,credit,2026-03-30,success,AXIS
T20260330_000575,ACC000201,27688.23,credit,2026-03-30,success,HDFC
T20260330_000576,ACC000239,59684.07,debit,2026-03-30,success,SBI
T20260330_000577,ACC000062,70095.75,credit,2026-03-30,failed,SBI
T20260330_000578,ACC000678,36748.92,credit,2026-03-30,success,HDFC
T20260330_000579,ACC000873,47465.74,credit,2026-03-30,success,SBI
T20260330_000580,ACC000223,79794.74,credit,2026-03-30,failed,KOTAK
T20260330_000581,ACC000251,76166.66,debit,2026-03-30,success,KOTAK
T20260330_000582,ACC000434,5194.54,debit,2026-03-30,failed,AXIS
T20260330_000583,ACC000658,24657.61,debit,2026-03-30,success,HDFC
T20260330_000584,ACC000146,99831.16,credit,2026-03-30,success,ICICI
T20260330_000585,ACC000785,36177.51,debit,2026-03-30,success,KOTAK
T20260330_000586,ACC000015,36672.76,credit,2026-03-30,failed,KOTAK
T20260330_000587,ACC000429,26908.37,credit,2026-03-30,success,KOTAK
T20260330_000588,ACC000181,34582.39,credit,2026-03-30,success,KOTAK
T20260330_000589,ACC000414,46595.94,debit,2026-03-30,success,ICICI
T20260330_000590,ACC000801,74851.56,debit,2026-03-30,failed,ICICI
T20260330_000591,ACC000174,9042.41,credit,2026-03-30,success,SBI
T20260330_000592,ACC000691,79613.16,credit,2026-03-30,success,ICICI
T20260330_000593,ACC000870,61475.56,credit,2026-03-30,success,HDFC
T20260330_000594,ACC000721,10247.23,debit,2026-03-30,success,ICICI
T20260330_000595,ACC000330,35921.92,debit,2026-03-30,success,KOTAK
T20260330_000596,ACC000711,81073.56,credit,2026-03-30,success,SBI
T20260330_000597,ACC000004,90021.21,debit,2026-03-30,success,HDFC
T20260330_000598,ACC000132,86734.49,debit,2026-03-30,failed,HDFC
T20260330_000599,ACC000365,61761.39,credit,2026-03-30,failed,KOTAK
T20260330_000600,ACC000234,78819.98,debit,2026-03-30,failed,AXIS
T20260330_000601,ACC000766,14480.96,credit,2026-03-30,success,HDFC
T20260330_000602,ACC000969,42946.98,credit,2026-03-30,success,HDFC
T20260330_000603,ACC000814,87512.48,debit,2026-03-30,success,AXIS
T20260330_000604,ACC000049,55310.95,debit,2026-03-30,success,KOTAK
T20260330_000605,ACC000456,38783.77,credit,2026-03-30,success,SBI
T20260330_000606,ACC000712,63738.24,credit,2026-03-30,success,AXIS
T20260330_000607,ACC000522,63283.95,debit,2026-03-30,success,ICICI
T20260330_000608,ACC000753,24537.02,credit,2026-03-30,success,SBI
T20260330_000609,ACC000954,8544.19,debit,2026-03-30,failed,SBI
T20260330_000610,ACC000514,50181.54,credit,2026-03-30,success,HDFC
T20260330_000611,ACC000909,57218.28,debit,2026-03-30,failed,KOTAK
T20260330_000612,ACC000583,87822.37,debit,2026-03-30,failed,AXIS
T20260330_000613,ACC000274,62946.0,credit,2026-03-30,failed,SBI
T20260330_000614,ACC000626,79310.12,credit,2026-03-30,failed,AXIS
T20260330_000615,ACC000940,72064.71,debit,2026-03-30,success,KOTAK
T20260330_000616,ACC000457,12771.57,credit,2026-03-30,failed,HDFC
T20260330_000617,ACC000693,7916.47,credit,2026-03-30,failed,SBI
T20260330_000618,ACC000977,32367.67,credit,2026-03-30,success,HDFC
T20260330_000619,ACC000517,41297.92,credit,2026-03-30,success,SBI
T20260330_000620,ACC000129,60618.19,credit,2026-03-30,success,KOTAK
T20260330_000621,ACC000905,36607.13,debit,2026-03-30,success,AXIS
T20260330_000622,ACC000298,10586.6,credit,2026-03-30,failed,KOTAK
T20260330_000623,ACC000627,2968.6,debit,2026-03-30,failed,KOTAK
T20260330_000624,ACC000776,41888.05,debit,2026-03-30,success,SBI
T20260330_000625,ACC000012,96121.09,credit,2026-03-30,success,ICICI
T20260330_000626,ACC000986,95909.22,debit,2026-03-30,success,ICICI
T20260330_000627,ACC000612,26221.72,credit,2026-03-30,failed,SBI
T20260330_000628,ACC000469,87244.78,credit,2026-03-30,success,ICICI
T20260330_000629,ACC000791,74681.98,debit,2026-03-30,success,HDFC
T20260330_000630,ACC000907,49646.66,debit,2026-03-30,success,KOTAK
T20260330_000631,ACC000238,19143.87,debit,2026-03-30,success,AXIS
T20260330_000632,ACC000243,88640.38,debit,2026-03-30,success,AXIS
T20260330_000633,ACC000294,81870.39,credit,2026-03-30,failed,AXIS
T20260330_000634,ACC000130,13965.33,credit,2026-03-30,success,AXIS
T20260330_000635,ACC000779,36498.13,credit,2026-03-30,success,ICICI
T20260330_000636,ACC000176,35274.6,debit,2026-03-30,success,ICICI
T20260330_000637,ACC000129,90648.99,debit,2026-03-30,success,AXIS
T20260330_000638,ACC000753,92843.78,debit,2026-03-30,success,SBI
T20260330_000639,ACC000437,40554.12,debit,2026-03-30,success,ICICI
T20260330_000640,ACC000522,20619.65,credit,2026-03-30,success,KOTAK
T20260330_000641,ACC000978,41320.65,debit,2026-03-30,success,AXIS
T20260330_000642,ACC000917,86114.64,debit,2026-03-30,failed,SBI
T20260330_000643,ACC000369,9439.19,debit,2026-03-30,success,AXIS
T20260330_000644,ACC000433,33303.95,debit,2026-03-30,success,HDFC
T20260330_000645,ACC000056,95664.33,credit,2026-03-30,success,HDFC
T20260330_000646,ACC000452,9747.02,credit,2026-03-30,failed,SBI
T20260330_000647,ACC000514,16243.45,debit,2026-03-30,success,AXIS
T20260330_000648,ACC000839,21666.91,credit,2026-03-30,success,SBI
T20260330_000649,ACC000272,88442.7,debit,2026-03-30,success,ICICI
T20260330_000650,ACC000020,13812.24,credit,2026-03-30,success,KOTAK
T20260330_000651,ACC000762,83498.37,debit,2026-03-30,success,AXIS
T20260330_000652,ACC000445,77721.49,debit,2026-03-30,success,AXIS
T20260330_000653,ACC000372,60050.8,credit,2026-03-30,failed,KOTAK
T20260330_000654,ACC000821,95712.44,debit,2026-03-30,success,ICICI
T20260330_000655,ACC000169,27679.61,debit,2026-03-30,failed,ICICI
T20260330_000656,ACC000221,98716.4,debit,2026-03-30,failed,SBI
T20260330_000657,ACC000996,74696.1,debit,2026-03-30,success,KOTAK
T20260330_000658,ACC000174,47966.75,debit,2026-03-30,success,HDFC
T20260330_000659,ACC000976,10689.8,credit,2026-03-30,success,ICICI
T20260330_000660,ACC000949,54950.71,credit,2026-03-30,failed,KOTAK
T20260330_000661,ACC000840,61083.9,credit,2026-03-30,success,HDFC
T20260330_000662,ACC000824,34003.34,debit,2026-03-30,success,SBI
T20260330_000663,ACC000494,19014.84,credit,2026-03-30,failed,AXIS
T20260330_000664,ACC000319,56673.8,credit,2026-03-30,success,ICICI
T20260330_000665,ACC000789,64973.98,debit,2026-03-30,success,AXIS
T20260330_000666,ACC000625,19548.69,credit,2026-03-30,success,AXIS
T20260330_000667,ACC000992,8831.47,credit,2026-03-30,success,AXIS
T20260330_000668,ACC000780,93819.1,credit,2026-03-30,success,ICICI
T20260330_000669,ACC000492,80539.61,credit,2026-03-30,failed,KOTAK
T20260330_000670,ACC000612,91812.69,credit,2026-03-30,success,AXIS
T20260330_000671,ACC000170,11697.1,debit,2026-03-30,success,AXIS
T20260330_000672,ACC000483,82243.24,credit,2026-03-30,success,AXIS
T20260330_000673,ACC000268,7523.3,debit,2026-03-30,success,AXIS
T20260330_000674,ACC000246,85917.37,debit,2026-03-30,success,KOTAK
T20260330_000675,ACC000136,1410.96,credit,2026-03-30,failed,ICICI
T20260330_000676,ACC000085,67388.51,debit,2026-03-30,success,AXIS
T20260330_000677,ACC000760,8069.69,debit,2026-03-30,success,ICICI
T20260330_000678,ACC000064,64433.85,debit,2026-03-30,success,KOTAK
T20260330_000679,ACC000681,50385.13,credit,2026-03-30,success,ICICI
T20260330_000680,ACC000441,49455.08,credit,2026-03-30,success,AXIS
T20260330_000681,ACC000885,44574.85,debit,2026-03-30,success,KOTAK
T20260330_000682,ACC000193,41876.65,debit,2026-03-30,failed,SBI
T20260330_000683,ACC000620,8825.09,debit,2026-03-30,success,AXIS
T20260330_000684,ACC000354,90564.61,debit,2026-03-30,failed,KOTAK
T20260330_000685,ACC000737,83048.19,credit,2026-03-30,success,HDFC
T20260330_000686,ACC000334,91383.68,debit,2026-03-30,failed,KOTAK
T20260330_000687,ACC000591,52476.54,debit,2026-03-30,success,HDFC
T20260330_000688,ACC000781,76846.38,credit,2026-03-30,success,HDFC
T20260330_000689,ACC000709,37398.22,credit,2026-03-30,success,ICICI
T20260330_000690,ACC000398,77760.6,credit,2026-03-30,failed,KOTAK
T20260330_000691,ACC000567,84152.11,debit,2026-03-30,success,ICICI
T20260330_000692,ACC000394,51775.72,credit,2026-03-30,success,ICICI
T20260330_000693,ACC000005,37099.5,debit,2026-03-30,success,SBI
T20260330_000694,ACC000651,13043.62,credit,2026-03-30,success,HDFC
T20260330_000695,ACC000859,86644.92,credit,2026-03-30,failed,KOTAK
T20260330_000696,ACC000668,72125.28,credit,2026-03-30,failed,ICICI
T20260330_000697,ACC000033,15772.53,debit,2026-03-30,failed,SBI
T20260330_000698,ACC000047,22241.71,debit,2026-03-30,success,SBI
T20260330_000699,ACC000546,647.86,debit,2026-03-30,success,ICICI
T20260330_000700,ACC000341,79077.14,debit,2026-03-30,success,HDFC
T20260330_000701,ACC000223,4851.46,credit,2026-03-30,failed,ICICI
T20260330_000702,ACC000148,81268.47,debit,2026-03-30,success,ICICI
T20260330_000703,ACC000795,20983.37,debit,2026-03-30,success,HDFC
T20260330_000704,ACC000894,39200.23,debit,2026-03-30,success,ICICI
T20260330_000705,ACC000446,58483.84,credit,2026-03-30,failed,AXIS
T20260330_000706,ACC000412,17207.98,credit,2026-03-30,success,SBI
T20260330_000707,ACC000502,2379.56,credit,2026-03-30,success,HDFC
T20260330_000708,ACC000801,33554.3,debit,2026-03-30,success,ICICI
T20260330_000709,ACC000584,94464.53,credit,2026-03-30,success,HDFC
T20260330_000710,ACC000688,34469.14,credit,2026-03-30,success,ICICI
T20260330_000711,ACC000893,61485.98,credit,2026-03-30,success,HDFC
T20260330_000712,ACC000291,83688.47,credit,2026-03-30,failed,AXIS
T20260330_000713,ACC000813,69455.45,credit,2026-03-30,failed,HDFC
T20260330_000714,ACC000311,49255.6,debit,2026-03-30,failed,SBI
T20260330_000715,ACC000361,81983.92,debit,2026-03-30,success,ICICI
T20260330_000716,ACC000375,37402.23,debit,2026-03-30,success,KOTAK
T20260330_000717,ACC000494,32154.05,credit,2026-03-30,success,AXIS
T20260330_000718,ACC000590,89598.08,credit,2026-03-30,success,AXIS
T20260330_000719,ACC000666,90456.42,credit,2026-03-30,success,KOTAK
T20260330_000720,ACC000736,70227.11,credit,2026-03-30,success,ICICI
T20260330_000721,ACC000472,22283.18,debit,2026-03-30,success,HDFC
T20260330_000722,ACC000873,39938.72,credit,2026-03-30,failed,KOTAK
T20260330_000723,ACC000688,90566.43,debit,2026-03-30,success,ICICI
T20260330_000724,ACC000318,21830.83,credit,2026-03-30,success,AXIS
T20260330_000725,ACC000994,85126.0,debit,2026-03-30,success,HDFC
T20260330_000726,ACC000695,88375.32,credit,2026-03-30,success,HDFC
T20260330_000727,ACC000659,11292.59,credit,2026-03-30,failed,AXIS
T20260330_000728,ACC000154,99872.37,debit,2026-03-30,success,HDFC
T20260330_000729,ACC000932,3769.55,debit,2026-03-30,success,AXIS
T20260330_000730,ACC000138,2770.34,debit,2026-03-30,success,SBI
T20260330_000731,ACC000451,71874.28,debit,2026-03-30,success,HDFC
T20260330_000732,ACC000640,60614.13,credit,2026-03-30,success,ICICI
T20260330_000733,ACC000513,78108.32,debit,2026-03-30,success,KOTAK
T20260330_000734,ACC000638,7590.37,debit,2026-03-30,success,HDFC
T20260330_000735,ACC000371,82452.56,debit,2026-03-30,failed,KOTAK
T20260330_000736,ACC000479,38631.51,credit,2026-03-30,success,KOTAK
T20260330_000737,ACC000673,194.85,debit,2026-03-30,failed,HDFC
T20260330_000738,ACC000631,53812.11,credit,2026-03-30,success,AXIS
T20260330_000739,ACC000641,27707.17,credit,2026-03-30,success,SBI
T20260330_000740,ACC000112,86206.69,debit,2026-03-30,failed,ICICI
T20260330_000741,ACC000367,37678.82,debit,2026-03-30,success,AXIS
T20260330_000742,ACC000098,7066.8,credit,2026-03-30,success,HDFC
T20260330_000743,ACC000487,24712.87,credit,2026-03-30,success,AXIS
T20260330_000744,ACC000589,29989.74,credit,2026-03-30,success,KOTAK
T20260330_000745,ACC000019,3885.95,debit,2026-03-30,success,KOTAK
T20260330_000746,ACC000827,7260.88,debit,2026-03-30,success,ICICI
T20260330_000747,ACC000298,85137.03,debit,2026-03-30,failed,AXIS
T20260330_000748,ACC000012,52880.21,debit,2026-03-30,success,ICICI
T20260330_000749,ACC000904,21143.36,debit,2026-03-30,success,ICICI
T20260330_000750,ACC000651,68443.18,debit,2026-03-30,success,AXIS
T20260330_000751,ACC000973,80957.66,debit,2026-03-30,success,SBI
T20260330_000752,ACC000503,58024.11,credit,2026-03-30,failed,SBI
T20260330_000753,ACC000807,74709.79,credit,2026-03-30,success,KOTAK
T20260330_000754,ACC000015,79522.24,credit,2026-03-30,success,SBI
T20260330_000755,ACC000658,23555.71,debit,2026-03-30,success,ICICI
T20260330_000756,ACC000263,87712.62,credit,2026-03-30,success,AXIS
T20260330_000757,ACC000492,10673.49,credit,2026-03-30,success,KOTAK
T20260330_000758,ACC000283,59923.39,credit,2026-03-30,success,ICICI
T20260330_000759,ACC000961,93495.21,debit,2026-03-30,success,AXIS
T20260330_000760,ACC000236,14541.98,debit,2026-03-30,success,ICICI
T20260330_000761,ACC000894,52888.44,credit,2026-03-30,failed,SBI
T20260330_000762,ACC000675,73327.33,debit,2026-03-30,failed,KOTAK
T20260330_000763,ACC000603,45056.17,debit,2026-03-30,failed,ICICI
T20260330_000764,ACC000073,47101.44,debit,2026-03-30,success,SBI
T20260330_000765,ACC000808,74662.59,credit,2026-03-30,success,AXIS
T20260330_000766,ACC000045,12860.39,credit,2026-03-30,success,KOTAK
T20260330_000767,ACC000121,88079.31,credit,2026-03-30,success,SBI
T20260330_000768,ACC000901,75610.68,debit,2026-03-30,success,AXIS
T20260330_000769,ACC000646,55232.09,debit,2026-03-30,success,HDFC
T20260330_000770,ACC000384,88180.77,debit,2026-03-30,success,AXIS
T20260330_000771,ACC000524,64887.24,credit,2026-03-30,success,SBI
T20260330_000772,ACC000999,19038.09,debit,2026-03-30,success,SBI
T20260330_000773,ACC000609,64393.08,credit,2026-03-30,failed,AXIS
T20260330_000774,ACC000096,19152.2,credit,2026-03-30,failed,KOTAK
T20260330_000775,ACC000058,25625.83,credit,2026-03-30,success,AXIS
T20260330_000776,ACC000780,67106.02,credit,2026-03-30,success,KOTAK
T20260330_000777,ACC000173,66979.92,credit,2026-03-30,success,SBI
T20260330_000778,ACC000523,11967.1,credit,2026-03-30,success,AXIS
T20260330_000779,ACC000925,51674.83,credit,2026-03-30,success,AXIS
T20260330_000780,ACC000252,39911.87,credit,2026-03-30,success,HDFC
T20260330_000781,ACC000006,89224.63,credit,2026-03-30,success,ICICI
T20260330_000782,ACC000128,59386.53,debit,2026-03-30,success,HDFC
T20260330_000783,ACC000007,59890.05,debit,2026-03-30,success,AXIS
T20260330_000784,ACC000302,2579.17,credit,2026-03-30,success,SBI
T20260330_000785,ACC000640,36903.48,credit,2026-03-30,success,KOTAK
T20260330_000786,ACC000637,761.48,debit,2026-03-30,success,AXIS
T20260330_000787,ACC000888,18421.66,credit,2026-03-30,success,HDFC
T20260330_000788,ACC000472,8664.45,debit,2026-03-30,success,SBI
T20260330_000789,ACC000860,55741.62,debit,2026-03-30,success,ICICI
T20260330_000790,ACC000100,56174.94,credit,2026-03-30,success,KOTAK
T20260330_000791,ACC000550,91642.54,debit,2026-03-30,failed,SBI
T20260330_000792,ACC000073,59593.5,credit,2026-03-30,success,HDFC
T20260330_000793,ACC000198,87215.72,debit,2026-03-30,success,SBI
T20260330_000794,ACC000272,84423.95,debit,2026-03-30,success,ICICI
T20260330_000795,ACC000589,50041.46,credit,2026-03-30,failed,ICICI
T20260330_000796,ACC000746,85008.5,debit,2026-03-30,success,AXIS
T20260330_000797,ACC000066,88383.64,debit,2026-03-30,success,HDFC
T20260330_000798,ACC000193,67457.26,debit,2026-03-30,failed,SBI
T20260330_000799,ACC000091,20178.27,credit,2026-03-30,success,AXIS
T20260330_000800,ACC000089,14565.45,credit,2026-03-30,success,SBI
T20260330_000801,ACC000227,28679.17,debit,2026-03-30,success,KOTAK
T20260330_000802,ACC000046,29062.57,credit,2026-03-30,success,SBI
T20260330_000803,ACC000578,32099.32,debit,2026-03-30,success,KOTAK
T20260330_000804,ACC000919,89611.18,debit,2026-03-30,success,SBI
T20260330_000805,ACC000560,89885.89,debit,2026-03-30,success,ICICI
T20260330_000806,ACC000921,52339.94,credit,2026-03-30,success,KOTAK
T20260330_000807,ACC000856,26735.19,debit,2026-03-30,failed,ICICI
T20260330_000808,ACC000918,76703.82,credit,2026-03-30,success,ICICI
T20260330_000809,ACC000284,24293.53,debit,2026-03-30,success,AXIS
T20260330_000810,ACC000795,82041.74,debit,2026-03-30,failed,ICICI
T20260330_000811,ACC000480,11126.09,credit,2026-03-30,success,KOTAK
T20260330_000812,ACC000712,94254.26,credit,2026-03-30,success,ICICI
T20260330_000813,ACC000692,11309.05,debit,2026-03-30,success,SBI
T20260330_000814,ACC000430,99597.24,debit,2026-03-30,failed,KOTAK
T20260330_000815,ACC000560,70001.36,debit,2026-03-30,success,KOTAK
T20260330_000816,ACC000671,76418.76,credit,2026-03-30,failed,SBI
T20260330_000817,ACC000854,60682.98,credit,2026-03-30,failed,AXIS
T20260330_000818,ACC000097,6041.08,credit,2026-03-30,failed,SBI
T20260330_000819,ACC000744,36020.51,credit,2026-03-30,failed,SBI
T20260330_000820,ACC000368,10051.22,debit,2026-03-30,success,AXIS
T20260330_000821,ACC000103,20585.39,credit,2026-03-30,success,KOTAK
T20260330_000822,ACC000492,59814.18,credit,2026-03-30,success,KOTAK
T20260330_000823,ACC000741,15362.68,debit,2026-03-30,success,ICICI
T20260330_000824,ACC000978,63109.11,credit,2026-03-30,success,KOTAK
T20260330_000825,ACC000220,70964.73,credit,2026-03-30,success,AXIS
T20260330_000826,ACC000330,53865.48,credit,2026-03-30,failed,ICICI
T20260330_000827,ACC000031,83531.54,credit,2026-03-30,success,SBI
T20260330_000828,ACC000042,4845.42,debit,2026-03-30,success,ICICI
T20260330_000829,ACC000044,46200.26,credit,2026-03-30,success,AXIS
T20260330_000830,ACC000697,4680.6,credit,2026-03-30,success,ICICI
T20260330_000831,ACC000860,96529.62,credit,2026-03-30,success,SBI
T20260330_000832,ACC000815,78505.76,debit,2026-03-30,success,KOTAK
T20260330_000833,ACC000820,57979.19,credit,2026-03-30,success,ICICI
T20260330_000834,ACC000331,96248.8,credit,2026-03-30,success,KOTAK
T20260330_000835,ACC000793,39171.49,credit,2026-03-30,success,SBI
T20260330_000836,ACC000994,75486.63,credit,2026-03-30,success,KOTAK
T20260330_000837,ACC000860,1793.08,debit,2026-03-30,success,AXIS
T20260330_000838,ACC000508,12089.82,credit,2026-03-30,failed,KOTAK
T20260330_000839,ACC000219,44897.12,credit,2026-03-30,success,KOTAK
T20260330_000840,ACC000701,88183.52,debit,2026-03-30,success,KOTAK
T20260330_000841,ACC000251,47623.9,credit,2026-03-30,success,SBI
T20260330_000842,ACC000080,23731.41,debit,2026-03-30,success,AXIS
T20260330_000843,ACC000530,48876.98,debit,2026-03-30,success,ICICI
T20260330_000844,ACC000875,39327.88,credit,2026-03-30,success,AXIS
T20260330_000845,ACC000093,72859.38,debit,2026-03-30,success,AXIS
T20260330_000846,ACC000533,83473.26,debit,2026-03-30,success,HDFC
T20260330_000847,ACC000792,53948.88,credit,2026-03-30,success,ICICI
T20260330_000848,ACC000293,70538.94,credit,2026-03-30,failed,SBI
T20260330_000849,ACC000852,97777.32,credit,2026-03-30,success,HDFC
T20260330_000850,ACC000392,1912.15,debit,2026-03-30,success,KOTAK
T20260330_000851,ACC000275,91133.41,credit,2026-03-30,success,KOTAK
T20260330_000852,ACC000388,62569.64,credit,2026-03-30,success,ICICI
T20260330_000853,ACC000334,89097.4,credit,2026-03-30,success,HDFC
T20260330_000854,ACC000508,45319.84,credit,2026-03-30,success,KOTAK
T20260330_000855,ACC000028,13852.61,credit,2026-03-30,success,HDFC
T20260330_000856,ACC000282,46786.61,debit,2026-03-30,success,SBI
T20260330_000857,ACC000316,10077.76,debit,2026-03-30,success,AXIS
T20260330_000858,ACC000783,98885.68,debit,2026-03-30,failed,AXIS
T20260330_000859,ACC000056,24065.67,credit,2026-03-30,success,HDFC
T20260330_000860,ACC000068,25672.94,debit,2026-03-30,success,ICICI
T20260330_000861,ACC000931,10533.77,credit,2026-03-30,success,HDFC
T20260330_000862,ACC000785,83304.62,credit,2026-03-30,success,AXIS
T20260330_000863,ACC000884,75593.69,debit,2026-03-30,success,ICICI
T20260330_000864,ACC000397,57001.09,credit,2026-03-30,success,SBI
T20260330_000865,ACC000928,68289.88,debit,2026-03-30,success,AXIS
T20260330_000866,ACC000664,19179.98,credit,2026-03-30,success,AXIS
T20260330_000867,ACC000973,84562.81,debit,2026-03-30,success,ICICI
T20260330_000868,ACC000728,40191.69,credit,2026-03-30,success,ICICI
T20260330_000869,ACC000523,41663.9,credit,2026-03-30,success,HDFC
T20260330_000870,ACC000357,76133.07,debit,2026-03-30,success,ICICI
T20260330_000871,ACC000943,80189.77,debit,2026-03-30,success,ICICI
T20260330_000872,ACC000571,10967.26,debit,2026-03-30,success,KOTAK
T20260330_000873,ACC000034,87371.42,credit,2026-03-30,failed,HDFC
T20260330_000874,ACC000022,42209.98,debit,2026-03-30,success,AXIS
T20260330_000875,ACC000197,6114.64,debit,2026-03-30,success,ICICI
T20260330_000876,ACC000074,12245.46,debit,2026-03-30,success,ICICI
T20260330_000877,ACC000576,48999.18,credit,2026-03-30,success,KOTAK
T20260330_000878,ACC000799,97072.98,debit,2026-03-30,success,SBI
T20260330_000879,ACC000281,88306.21,credit,2026-03-30,success,KOTAK
T20260330_000880,ACC000352,41052.9,debit,2026-03-30,success,KOTAK
T20260330_000881,ACC000402,58400.46,debit,2026-03-30,success,ICICI
T20260330_000882,ACC000305,99180.88,credit,2026-03-30,success,KOTAK
T20260330_000883,ACC000645,53692.76,debit,2026-03-30,success,AXIS
T20260330_000884,ACC000793,65170.08,credit,2026-03-30,success,SBI
T20260330_000885,ACC000207,19388.36,credit,2026-03-30,success,HDFC
T20260330_000886,ACC000944,65790.03,credit,2026-03-30,success,KOTAK
T20260330_000887,ACC000547,71284.28,debit,2026-03-30,success,AXIS
T20260330_000888,ACC000260,18457.04,debit,2026-03-30,success,ICICI
T20260330_000889,ACC000355,34931.1,credit,2026-03-30,success,HDFC
T20260330_000890,ACC000939,33536.77,credit,2026-03-30,success,KOTAK
T20260330_000891,ACC000210,37345.0,debit,2026-03-30,failed,SBI
T20260330_000892,ACC000053,92498.67,credit,2026-03-30,success,KOTAK
T20260330_000893,ACC000690,24011.46,credit,2026-03-30,failed,SBI
T20260330_000894,ACC000824,79385.19,credit,2026-03-30,success,AXIS
T20260330_000895,ACC000377,79412.54,debit,2026-03-30,success,SBI
T20260330_000896,ACC000160,31699.16,credit,2026-03-30,success,AXIS
T20260330_000897,ACC000466,50909.27,credit,2026-03-30,failed,AXIS
T20260330_000898,ACC000211,48544.99,credit,2026-03-30,success,AXIS
T20260330_000899,ACC000890,77106.84,debit,2026-03-30,failed,KOTAK
T20260330_000900,ACC000835,76542.68,debit,2026-03-30,success,ICICI
T20260330_000901,ACC000542,98131.89,debit,2026-03-30,success,AXIS
T20260330_000902,ACC000780,56460.97,debit,2026-03-30,success,SBI
T20260330_000903,ACC000249,49041.8,credit,2026-03-30,success,HDFC
T20260330_000904,ACC000146,64822.89,credit,2026-03-30,success,ICICI
T20260330_000905,ACC000092,2758.61,credit,2026-03-30,success,AXIS
T20260330_000906,ACC000607,34597.71,credit,2026-03-30,failed,HDFC
T20260330_000907,ACC000540,94778.94,credit,2026-03-30,failed,HDFC
T20260330_000908,ACC000430,86777.15,credit,2026-03-30,failed,ICICI
T20260330_000909,ACC000649,96987.46,debit,2026-03-30,success,KOTAK
T20260330_000910,ACC000154,19165.69,debit,2026-03-30,success,HDFC
T20260330_000911,ACC000352,52709.29,credit,2026-03-30,success,HDFC
T20260330_000912,ACC000730,92915.61,debit,2026-03-30,success,AXIS
T20260330_000913,ACC000389,76183.6,credit,2026-03-30,success,AXIS
T20260330_000914,ACC000875,1952.83,credit,2026-03-30,success,ICICI
T20260330_000915,ACC000263,22048.97,debit,2026-03-30,success,KOTAK
T20260330_000916,ACC000825,6444.36,debit,2026-03-30,success,SBI
T20260330_000917,ACC000319,46457.56,credit,2026-03-30,failed,AXIS
T20260330_000918,ACC000920,44939.54,credit,2026-03-30,success,ICICI
T20260330_000919,ACC000864,68643.76,debit,2026-03-30,success,SBI
T20260330_000920,ACC000375,28350.04,credit,2026-03-30,success,SBI
T20260330_000921,ACC000776,9859.23,credit,2026-03-30,success,KOTAK
T20260330_000922,ACC000250,18747.69,debit,2026-03-30,success,ICICI
T20260330_000923,ACC000534,81315.07,credit,2026-03-30,success,SBI
T20260330_000924,ACC000508,23156.29,credit,2026-03-30,success,SBI
T20260330_000925,ACC000707,99193.73,debit,2026-03-30,success,HDFC
T20260330_000926,ACC000806,47282.49,credit,2026-03-30,success,HDFC
T20260330_000927,ACC000565,34904.21,credit,2026-03-30,failed,HDFC
T20260330_000928,ACC000307,49861.64,credit,2026-03-30,success,KOTAK
T20260330_000929,ACC000766,77368.75,credit,2026-03-30,success,HDFC
T20260330_000930,ACC000412,39971.26,credit,2026-03-30,success,KOTAK
T20260330_000931,ACC000788,1637.15,debit,2026-03-30,success,KOTAK
T20260330_000932,ACC000454,38137.02,credit,2026-03-30,success,AXIS
T20260330_000933,ACC000145,36847.17,credit,2026-03-30,failed,AXIS
T20260330_000934,ACC000932,24480.61,debit,2026-03-30,success,KOTAK
T20260330_000935,ACC000224,3047.68,debit,2026-03-30,failed,KOTAK
T20260330_000936,ACC000355,96806.37,credit,2026-03-30,failed,KOTAK
T20260330_000937,ACC000832,59088.12,debit,2026-03-30,failed,HDFC
T20260330_000938,ACC000320,20088.27,debit,2026-03-30,failed,HDFC
T20260330_000939,ACC000889,35790.73,debit,2026-03-30,success,AXIS
T20260330_000940,ACC000047,38696.59,debit,2026-03-30,success,ICICI
T20260330_000941,ACC000791,8292.51,credit,2026-03-30,success,KOTAK
T20260330_000942,ACC000294,46749.86,credit,2026-03-30,success,KOTAK
T20260330_000943,ACC000618,98191.91,debit,2026-03-30,success,HDFC
T20260330_000944,ACC000538,25366.28,debit,2026-03-30,success,HDFC
T20260330_000945,ACC000523,64673.62,debit,2026-03-30,success,AXIS
T20260330_000946,ACC000721,64242.12,credit,2026-03-30,success,ICICI
T20260330_000947,ACC000371,15460.5,credit,2026-03-30,success,ICICI
T20260330_000948,ACC000114,30898.15,debit,2026-03-30,success,KOTAK
T20260330_000949,ACC000353,14254.97,debit,2026-03-30,success,ICICI
T20260330_000950,ACC000700,32435.7,debit,2026-03-30,success,SBI
T20260330_000951,ACC000311,79550.4,credit,2026-03-30,success,ICICI
T20260330_000952,ACC000569,9530.75,credit,2026-03-30,success,AXIS
T20260330_000953,ACC000506,78301.8,credit,2026-03-30,success,ICICI
T20260330_000954,ACC000471,52053.77,debit,2026-03-30,failed,KOTAK
T20260330_000955,ACC000694,17358.83,credit,2026-03-30,success,AXIS
T20260330_000956,ACC000553,65527.99,debit,2026-03-30,success,AXIS
T20260330_000957,ACC000532,65561.31,debit,2026-03-30,success,SBI
T20260330_000958,ACC000367,10888.3,credit,2026-03-30,success,SBI
T20260330_000959,ACC000261,56198.81,credit,2026-03-30,success,KOTAK
T20260330_000960,ACC000765,31161.52,debit,2026-03-30,success,HDFC
T20260330_000961,ACC000331,55453.91,credit,2026-03-30,failed,AXIS
T20260330_000962,ACC000738,46771.3,credit,2026-03-30,success,HDFC
T20260330_000963,ACC000349,3510.34,credit,2026-03-30,success,ICICI
T20260330_000964,ACC000417,82163.64,debit,2026-03-30,success,SBI
T20260330_000965,ACC000219,30040.33,credit,2026-03-30,failed,SBI
T20260330_000966,ACC000053,98548.07,debit,2026-03-30,success,SBI
T20260330_000967,ACC000733,70798.96,credit,2026-03-30,success,AXIS
T20260330_000968,ACC000938,28737.21,debit,2026-03-30,failed,AXIS
T20260330_000969,ACC000956,74521.9,debit,2026-03-30,failed,HDFC
T20260330_000970,ACC000435,17114.74,credit,2026-03-30,success,KOTAK
T20260330_000971,ACC000640,24789.11,credit,2026-03-30,failed,HDFC
T20260330_000972,ACC000103,77592.65,debit,2026-03-30,success,KOTAK
T20260330_000973,ACC000738,37658.61,debit,2026-03-30,success,AXIS
T20260330_000974,ACC000455,14797.76,credit,2026-03-30,success,AXIS
T20260330_000975,ACC000684,96788.24,credit,2026-03-30,success,AXIS
T20260330_000976,ACC000357,38124.83,debit,2026-03-30,success,KOTAK
T20260330_000977,ACC000605,94512.21,credit,2026-03-30,success,HDFC
T20260330_000978,ACC000054,1129.82,debit,2026-03-30,success,AXIS
T20260330_000979,ACC000892,98655.26,debit,2026-03-30,success,KOTAK
T20260330_000980,ACC000722,84201.06,credit,2026-03-30,failed,ICICI
T20260330_000981,ACC000942,97714.53,credit,2026-03-30,failed,KOTAK
T20260330_000982,ACC000820,38923.49,credit,2026-03-30,success,HDFC
T20260330_000983,ACC000954,89878.41,debit,2026-03-30,success,AXIS
T20260330_000984,ACC000975,2137.87,debit,2026-03-30,failed,AXIS
T20260330_000985,ACC000326,316.99,debit,2026-03-30,success,ICICI
T20260330_000986,ACC000485,38445.35,credit,2026-03-30,success,SBI
T20260330_000987,ACC000775,80294.61,debit,2026-03-30,failed,HDFC
T20260330_000988,ACC000498,17729.29,credit,2026-03-30,failed,AXIS
T20260330_000989,ACC000576,8724.7,credit,2026-03-30,success,KOTAK
T20260330_000990,ACC000740,86092.07,debit,2026-03-30,success,ICICI
T20260330_000991,ACC000297,11597.91,debit,2026-03-30,success,SBI
T20260330_000992,ACC000322,37967.16,credit,2026-03-30,success,HDFC
T20260330_000993,ACC000916,43424.44,debit,2026-03-30,success,AXIS
T20260330_000994,ACC000417,27588.76,credit,2026-03-30,success,HDFC
T20260330_000995,ACC000379,2994.73,debit,2026-03-30,success,HDFC
T20260330_000996,ACC000798,80729.02,credit,2026-03-30,failed,KOTAK
T20260330_000997,ACC000779,27121.71,credit,2026-03-30,success,SBI
T20260330_000998,ACC000200,2028.69,debit,2026-03-30,success,KOTAK
T20260330_000999,ACC000078,59483.78,credit,2026-03-30,success,KOTAK
T20260330_001000,ACC000172,63925.95,debit,2026-03-30,success,KOTAK
